Var1,NAME,Freq
11,北京市,0.00990099
12,天津市,0.017051705
13,河北省,0.182068207
14,山西省,0.188118812
15,内蒙古自治区 ,0.00770077
21,辽宁省,0.150165017
22,吉林省,0.074807481
23,黑龙江省,0.108910891
31,上海市,0.015951595
32,江苏省,0.245324532
